colsample_bytree,learning_rate,max_depth,min_child_weight,n_estimators,subsample,mean_rmse,std_rmse
0.7,0.01,5,1,500,0.7,0.8454147187934549,0.08198608682397258
0.7,0.01,5,1,500,0.8,0.8480785706799822,0.0819177085229525
0.7,0.01,5,1,500,0.9,0.845202618214015,0.08185716691264006
0.7,0.01,5,1,1000,0.7,0.8108127268966691,0.07221894585631829
0.7,0.01,5,1,1000,0.8,0.8136017104751885,0.07540476346430347
0.7,0.01,5,1,1000,0.9,0.8099349516879221,0.0764889761668885
0.7,0.01,5,1,1500,0.7,0.7971824568916146,0.06683884724884723
0.7,0.01,5,1,1500,0.8,0.7999277328229654,0.06742762225987009
0.7,0.01,5,1,1500,0.9,0.7962331122716012,0.06737757694661659
0.7,0.01,5,3,500,0.7,0.8453948620791498,0.08239842191019081
0.7,0.01,5,3,500,0.8,0.8474869069590746,0.08193643332861138
0.7,0.01,5,3,500,0.9,0.8458592179143691,0.08217264487106767
0.7,0.01,5,3,1000,0.7,0.8106252198534623,0.07487775667667242
0.7,0.01,5,3,1000,0.8,0.8132896868045887,0.075463194255783
0.7,0.01,5,3,1000,0.9,0.8114524823255496,0.07779049930519157
0.7,0.01,5,3,1500,0.7,0.7966421902393969,0.06840269884182022
0.7,0.01,5,3,1500,0.8,0.7996108416435337,0.06752113281880091
0.7,0.01,5,3,1500,0.9,0.7984818280708086,0.06897881306328121
0.7,0.01,5,5,500,0.7,0.8458055904665855,0.08302839903476295
0.7,0.01,5,5,500,0.8,0.8481926573710419,0.08218436913949789
0.7,0.01,5,5,500,0.9,0.8448776379531411,0.08226095727186948
0.7,0.01,5,5,1000,0.7,0.8108106165442097,0.0753941584279243
0.7,0.01,5,5,1000,0.8,0.8130912410503551,0.0762387058689525
0.7,0.01,5,5,1000,0.9,0.8110356089588657,0.07671071753646494
0.7,0.01,5,5,1500,0.7,0.7971379758189484,0.06827643795129987
0.7,0.01,5,5,1500,0.8,0.7999117332897837,0.06634897445785555
0.7,0.01,5,5,1500,0.9,0.797902600625318,0.06862309478136595
0.7,0.01,7,1,500,0.7,0.8066975880016342,0.0757194794767697
0.7,0.01,7,1,500,0.8,0.8085118199787502,0.0726983169181012
0.7,0.01,7,1,500,0.9,0.8107154304385951,0.07327773823676392
0.7,0.01,7,1,1000,0.7,0.7880597712962316,0.047474498212282445
0.7,0.01,7,1,1000,0.8,0.7913695879783715,0.04891079584280633
0.7,0.01,7,1,1000,0.9,0.7884960012100188,0.04908027292843272
0.7,0.01,7,1,1500,0.7,0.7794902960956225,0.034260014661246854
0.7,0.01,7,1,1500,0.8,0.7825457108342002,0.03612288863963608
0.7,0.01,7,1,1500,0.9,0.7801084838802173,0.033108478241291525
0.7,0.01,7,3,500,0.7,0.8064051639405637,0.07629558007269904
0.7,0.01,7,3,500,0.8,0.8085701948447938,0.0718094788750678
0.7,0.01,7,3,500,0.9,0.8114536543065378,0.07354205287678246
0.7,0.01,7,3,1000,0.7,0.7880685571601729,0.04880577960317521
0.7,0.01,7,3,1000,0.8,0.7922498274401556,0.047219978015562825
0.7,0.01,7,3,1000,0.9,0.7926757843133605,0.04959984861801857
0.7,0.01,7,3,1500,0.7,0.7797426747049776,0.035649325366619654
0.7,0.01,7,3,1500,0.8,0.7827269295438247,0.033264690668358646
0.7,0.01,7,3,1500,0.9,0.7855261934970906,0.03667021520209011
0.7,0.01,7,5,500,0.7,0.8060345260999087,0.07489321697996193
0.7,0.01,7,5,500,0.8,0.8093625154922176,0.07115094841826763
0.7,0.01,7,5,500,0.9,0.8105388674212757,0.07337842712155977
0.7,0.01,7,5,1000,0.7,0.7867039529056143,0.046851851871297555
0.7,0.01,7,5,1000,0.8,0.7899432450047623,0.04617932594301559
0.7,0.01,7,5,1000,0.9,0.7905685209117594,0.04801339196116792
0.7,0.01,7,5,1500,0.7,0.7799994073708412,0.035603000000808585
0.7,0.01,7,5,1500,0.8,0.7815152182134659,0.032633943187113656
0.7,0.01,7,5,1500,0.9,0.7811856363318223,0.03431961591050927
0.7,0.01,9,1,500,0.7,0.7958114417951294,0.068411131385043
0.7,0.01,9,1,500,0.8,0.7976359929900977,0.06944819246755629
0.7,0.01,9,1,500,0.9,0.7972102879984446,0.0683101373722263
0.7,0.01,9,1,1000,0.7,0.7832374723241855,0.039605214951006405
0.7,0.01,9,1,1000,0.8,0.7854890306380815,0.04160198782161558
0.7,0.01,9,1,1000,0.9,0.7845429364478875,0.040396813709423204
0.7,0.01,9,1,1500,0.7,0.774799140996212,0.03968570697438024
0.7,0.01,9,1,1500,0.8,0.7761201577776722,0.039066705235976565
0.7,0.01,9,1,1500,0.9,0.7747956420443203,0.04083977507957188
0.7,0.01,9,3,500,0.7,0.7950773466883,0.06792291519719872
0.7,0.01,9,3,500,0.8,0.7965035376896429,0.06859800721785962
0.7,0.01,9,3,500,0.9,0.7982097793085516,0.06737970100569811
0.7,0.01,9,3,1000,0.7,0.7800317461484451,0.038490094036166586
0.7,0.01,9,3,1000,0.8,0.7825998346418331,0.040021716505098295
0.7,0.01,9,3,1000,0.9,0.7841358924247404,0.03947460795508417
0.7,0.01,9,3,1500,0.7,0.7720490195457489,0.04077164256343596
0.7,0.01,9,3,1500,0.8,0.7751308661982879,0.03944952967954839
0.7,0.01,9,3,1500,0.9,0.7756598319544945,0.040369468144047044
0.7,0.01,9,5,500,0.7,0.7939758834828331,0.06897203320885434
0.7,0.01,9,5,500,0.8,0.7966881871478828,0.06924423601526891
0.7,0.01,9,5,500,0.9,0.7974562321131649,0.0665110696688235
0.7,0.01,9,5,1000,0.7,0.7831713859630522,0.04060200362650785
0.7,0.01,9,5,1000,0.8,0.7827683034198035,0.03988204629604658
0.7,0.01,9,5,1000,0.9,0.7855240591359899,0.03987442976229674
0.7,0.01,9,5,1500,0.7,0.7749599484034889,0.039551193785454214
0.7,0.01,9,5,1500,0.8,0.7738777974145223,0.03948385347604305
0.7,0.01,9,5,1500,0.9,0.7759188348487625,0.041133743162166926
0.7,0.05,5,1,500,0.7,0.7934415800619881,0.04984919154451331
0.7,0.05,5,1,500,0.8,0.792041839203564,0.04678564593549172
0.7,0.05,5,1,500,0.9,0.7957386238489331,0.055453135395277915
0.7,0.05,5,1,1000,0.7,0.7806559289916551,0.02788444304957853
0.7,0.05,5,1,1000,0.8,0.7841541637580173,0.036410311343491014
0.7,0.05,5,1,1000,0.9,0.7869518505694876,0.032869738105548905
0.7,0.05,5,1,1500,0.7,0.7759656138258766,0.03398162809839908
0.7,0.05,5,1,1500,0.8,0.7761537721403601,0.039034314730215854
0.7,0.05,5,1,1500,0.9,0.7817911194678226,0.03310974744913303
0.7,0.05,5,3,500,0.7,0.7953285153940992,0.05235849291106295
0.7,0.05,5,3,500,0.8,0.794686740250656,0.05227685789504626
0.7,0.05,5,3,500,0.9,0.7897379102204664,0.04484820256364794
0.7,0.05,5,3,1000,0.7,0.7852345132860844,0.03469139694297863
0.7,0.05,5,3,1000,0.8,0.7794499164605476,0.030527453014798235
0.7,0.05,5,3,1000,0.9,0.7830022811223255,0.03187276496518837
0.7,0.05,5,3,1500,0.7,0.7774359842267413,0.03544808546947795
0.7,0.05,5,3,1500,0.8,0.7754331721490476,0.034437640550780774
0.7,0.05,5,3,1500,0.9,0.7782145152298218,0.03716673449287891
0.7,0.05,5,5,500,0.7,0.7994259021599437,0.05922837845430681
0.7,0.05,5,5,500,0.8,0.7995604547753157,0.05302045394727992
0.7,0.05,5,5,500,0.9,0.7905683220793898,0.05165977224719537
0.7,0.05,5,5,1000,0.7,0.7867417285659736,0.03440266376639299
0.7,0.05,5,5,1000,0.8,0.785368552022466,0.03322573510424053
0.7,0.05,5,5,1000,0.9,0.7855361347251401,0.033407267486009126
0.7,0.05,5,5,1500,0.7,0.7792961598970957,0.03577497423004251
0.7,0.05,5,5,1500,0.8,0.7768123071680086,0.03670975378704478
0.7,0.05,5,5,1500,0.9,0.7788937626208673,0.034904322420655685
0.7,0.05,7,1,500,0.7,0.7863862949797051,0.034662704113979495
0.7,0.05,7,1,500,0.8,0.7863122141887511,0.037562100162828224
0.7,0.05,7,1,500,0.9,0.7917209109824789,0.03613698904926298
0.7,0.05,7,1,1000,0.7,0.7765123753246559,0.050706198038963375
0.7,0.05,7,1,1000,0.8,0.7765467246329727,0.04824203117615635
0.7,0.05,7,1,1000,0.9,0.7801160226136323,0.04517534635961882
0.7,0.05,7,1,1500,0.7,0.774369062627956,0.055867150071298395
0.7,0.05,7,1,1500,0.8,0.7739988699810889,0.05334954106534493
0.7,0.05,7,1,1500,0.9,0.7747544314723148,0.05302658188388066
0.7,0.05,7,3,500,0.7,0.7802016516813582,0.0353792449122523
0.7,0.05,7,3,500,0.8,0.7813398399613884,0.03637924964262249
0.7,0.05,7,3,500,0.9,0.7883598656546137,0.033457156870248014
0.7,0.05,7,3,1000,0.7,0.7685458160372521,0.051911952382770125
0.7,0.05,7,3,1000,0.8,0.7738912662194034,0.04795130696825791
0.7,0.05,7,3,1000,0.9,0.7770736217569645,0.048202036460457905
0.7,0.05,7,3,1500,0.7,0.7657131130211938,0.058732988011070235
0.7,0.05,7,3,1500,0.8,0.7719372248789155,0.05468164521403829
0.7,0.05,7,3,1500,0.9,0.7727632296127109,0.0559424926270804
0.7,0.05,7,5,500,0.7,0.780619120766423,0.03489436051315583
0.7,0.05,7,5,500,0.8,0.7881624483117465,0.038686927481200915
0.7,0.05,7,5,500,0.9,0.7918008293946667,0.037133870663024655
0.7,0.05,7,5,1000,0.7,0.7699734537827646,0.05144037625537735
0.7,0.05,7,5,1000,0.8,0.7802467189101004,0.046630891232757536
0.7,0.05,7,5,1000,0.9,0.781886607120166,0.04815078428540376
0.7,0.05,7,5,1500,0.7,0.7669686508068772,0.05788133277249752
0.7,0.05,7,5,1500,0.8,0.7761256161856754,0.05335249987616711
0.7,0.05,7,5,1500,0.9,0.7777475785675555,0.055605621935783056
0.7,0.05,9,1,500,0.7,0.7803404494512609,0.05041810723871593
0.7,0.05,9,1,500,0.8,0.7816802816975594,0.0506187689767506
0.7,0.05,9,1,500,0.9,0.7840586045194685,0.048393434262820494
0.7,0.05,9,1,1000,0.7,0.7765228885219247,0.05997926008178795
0.7,0.05,9,1,1000,0.8,0.7780907039517496,0.058993031553054034
0.7,0.05,9,1,1000,0.9,0.7810126808739711,0.05356905250722964
0.7,0.05,9,1,1500,0.7,0.7762758878503668,0.06132779403548729
0.7,0.05,9,1,1500,0.8,0.7780010445275268,0.06087635132651781
0.7,0.05,9,1,1500,0.9,0.7806689323025614,0.05482202688119357
0.7,0.05,9,3,500,0.7,0.7782910991480293,0.05182529674536599
0.7,0.05,9,3,500,0.8,0.7800134782192429,0.05261084648100715
0.7,0.05,9,3,500,0.9,0.7858640435321365,0.04788537024698808
0.7,0.05,9,3,1000,0.7,0.7723001944508063,0.06183333399666235
0.7,0.05,9,3,1000,0.8,0.7761303299031793,0.06189032307499482
0.7,0.05,9,3,1000,0.9,0.7816672190965281,0.05529759749926022
0.7,0.05,9,3,1500,0.7,0.7724011593298378,0.06297401784641075
0.7,0.05,9,3,1500,0.8,0.7765014133822026,0.06427812549619
0.7,0.05,9,3,1500,0.9,0.7819939985967345,0.05662533726413123
0.7,0.05,9,5,500,0.7,0.7760368506659864,0.05298489662050134
0.7,0.05,9,5,500,0.8,0.7833702111163706,0.04805343251325723
0.7,0.05,9,5,500,0.9,0.7809911926488396,0.05460283241943523
0.7,0.05,9,5,1000,0.7,0.7728085068223864,0.060861495735210894
0.7,0.05,9,5,1000,0.8,0.7792709375522504,0.05787014899704862
0.7,0.05,9,5,1000,0.9,0.7771272950476069,0.06474179544412739
0.7,0.05,9,5,1500,0.7,0.7730109345683298,0.06270806516812699
0.7,0.05,9,5,1500,0.8,0.7792486867514606,0.06028418830423659
0.7,0.05,9,5,1500,0.9,0.7771682314883142,0.06655587538218316
0.7,0.1,5,1,500,0.7,0.7874245024532581,0.043457517574727364
0.7,0.1,5,1,500,0.8,0.7907681397357857,0.03804424042577642
0.7,0.1,5,1,500,0.9,0.7902173541325368,0.03458563515789834
0.7,0.1,5,1,1000,0.7,0.7696921559509086,0.04346354097122652
0.7,0.1,5,1,1000,0.8,0.7809593390103623,0.036739812455553786
0.7,0.1,5,1,1000,0.9,0.7785894347513913,0.037336290231121415
0.7,0.1,5,1,1500,0.7,0.7677564648878267,0.04862878511749792
0.7,0.1,5,1,1500,0.8,0.7755814176554383,0.041412572117553614
0.7,0.1,5,1,1500,0.9,0.7753736753878809,0.046866808739493414
0.7,0.1,5,3,500,0.7,0.7894207283638919,0.040375556036645104
0.7,0.1,5,3,500,0.8,0.7925079690204555,0.03862101618180168
0.7,0.1,5,3,500,0.9,0.8025629160460079,0.04643217079297076
0.7,0.1,5,3,1000,0.7,0.7698346466163659,0.052417878511091365
0.7,0.1,5,3,1000,0.8,0.7832827050847465,0.04071327832561848
0.7,0.1,5,3,1000,0.9,0.780264960121098,0.04135595855560295
0.7,0.1,5,3,1500,0.7,0.7678896976983883,0.060240609007256016
0.7,0.1,5,3,1500,0.8,0.7815175130831813,0.04666466704389496
0.7,0.1,5,3,1500,0.9,0.7786898798504914,0.04771307555778888
0.7,0.1,5,5,500,0.7,0.7829194851863165,0.036084138714971625
0.7,0.1,5,5,500,0.8,0.7943054917582033,0.04061788525057688
0.7,0.1,5,5,500,0.9,0.7927347680587915,0.03790271812361925
0.7,0.1,5,5,1000,0.7,0.7674361357362418,0.050451827452393266
0.7,0.1,5,5,1000,0.8,0.7880443173473888,0.04661065495785763
0.7,0.1,5,5,1000,0.9,0.7851770768630058,0.038818211591680696
0.7,0.1,5,5,1500,0.7,0.7641903744023644,0.05806275739043187
0.7,0.1,5,5,1500,0.8,0.7834182188542205,0.05416675148018107
0.7,0.1,5,5,1500,0.9,0.7811668238570058,0.04401639082063573
0.7,0.1,7,1,500,0.7,0.7731921087142555,0.05083637676361488
0.7,0.1,7,1,500,0.8,0.783362639059421,0.046191560129919804
0.7,0.1,7,1,500,0.9,0.7704997888443564,0.04994381963354719
0.7,0.1,7,1,1000,0.7,0.7700785261386668,0.05778203042640019
0.7,0.1,7,1,1000,0.8,0.7807700996073468,0.05322696467211158
0.7,0.1,7,1,1000,0.9,0.7666585872011356,0.06098672221519841
0.7,0.1,7,1,1500,0.7,0.7719992506555453,0.05949867717828087
0.7,0.1,7,1,1500,0.8,0.7813065275649113,0.05562430900643322
0.7,0.1,7,1,1500,0.9,0.7676240814525841,0.0626158630652291
0.7,0.1,7,3,500,0.7,0.770010713300221,0.05244231747550442
0.7,0.1,7,3,500,0.8,0.7874385314404719,0.04481058881057165
0.7,0.1,7,3,500,0.9,0.7901039773563937,0.036175455289846566
0.7,0.1,7,3,1000,0.7,0.7678572349712839,0.06158260554200288
0.7,0.1,7,3,1000,0.8,0.7838598972171944,0.05235058321329601
0.7,0.1,7,3,1000,0.9,0.7848317306267557,0.040390209105963124
0.7,0.1,7,3,1500,0.7,0.7693202101587142,0.065536564465463
0.7,0.1,7,3,1500,0.8,0.784490545089518,0.05526315082415728
0.7,0.1,7,3,1500,0.9,0.784709654485277,0.041503253281211024
0.7,0.1,7,5,500,0.7,0.7742734529961799,0.04983113042798308
0.7,0.1,7,5,500,0.8,0.774241145562739,0.05176728087964101
0.7,0.1,7,5,500,0.9,0.7797954923903223,0.039849598471522925
0.7,0.1,7,5,1000,0.7,0.7713583249400913,0.0563232990156807
0.7,0.1,7,5,1000,0.8,0.7727279719824306,0.06138067481753116
0.7,0.1,7,5,1000,0.9,0.7783747028738581,0.04909490640344783
0.7,0.1,7,5,1500,0.7,0.7722978456582037,0.05943550599593851
0.7,0.1,7,5,1500,0.8,0.7734766612302708,0.06341243256684556
0.7,0.1,7,5,1500,0.9,0.7793884736278347,0.05052447452925433
0.7,0.1,9,1,500,0.7,0.7832024580344015,0.07116157193238298
0.7,0.1,9,1,500,0.8,0.7820087894946637,0.06538307237411364
0.7,0.1,9,1,500,0.9,0.7784357102423205,0.06197473827410546
0.7,0.1,9,1,1000,0.7,0.7835032760537197,0.07424841870253407
0.7,0.1,9,1,1000,0.8,0.7817438952282911,0.06724939048415092
0.7,0.1,9,1,1000,0.9,0.7803052844906799,0.06419922926341587
0.7,0.1,9,1,1500,0.7,0.7848963050248681,0.0747704344203509
0.7,0.1,9,1,1500,0.8,0.7833891450137104,0.0684004969335056
0.7,0.1,9,1,1500,0.9,0.7816667790936728,0.0650213284997112
0.7,0.1,9,3,500,0.7,0.7905611242825529,0.06412945170730565
0.7,0.1,9,3,500,0.8,0.7898577580669235,0.06574133947573432
0.7,0.1,9,3,500,0.9,0.7888291119237696,0.054409509903991765
0.7,0.1,9,3,1000,0.7,0.7927279747102333,0.06613613344348547
0.7,0.1,9,3,1000,0.8,0.790012512368883,0.07141137847287629
0.7,0.1,9,3,1000,0.9,0.7902079612751907,0.056468388925797364
0.7,0.1,9,3,1500,0.7,0.7940868329840074,0.06725852259743587
0.7,0.1,9,3,1500,0.8,0.7915566707627406,0.0723881399204295
0.7,0.1,9,3,1500,0.9,0.7915538626842538,0.057255358007140225
0.7,0.1,9,5,500,0.7,0.7909378675504269,0.05832771430418587
0.7,0.1,9,5,500,0.8,0.7872195696710687,0.0626822523321282
0.7,0.1,9,5,500,0.9,0.7828319069434969,0.06418089951713882
0.7,0.1,9,5,1000,0.7,0.7927725726851756,0.06099003041905259
0.7,0.1,9,5,1000,0.8,0.7896517994760044,0.06626281159091608
0.7,0.1,9,5,1000,0.9,0.7829833105256369,0.06815044935172258
0.7,0.1,9,5,1500,0.7,0.7935678067627725,0.06162338993442985
0.7,0.1,9,5,1500,0.8,0.7918081414468722,0.06828715513646053
0.7,0.1,9,5,1500,0.9,0.7845034056421605,0.0690397111841301
0.8,0.01,5,1,500,0.7,0.8548883326399844,0.08122072472059387
0.8,0.01,5,1,500,0.8,0.8560461706047665,0.08194127311231252
0.8,0.01,5,1,500,0.9,0.8558854220030543,0.08056256393638216
0.8,0.01,5,1,1000,0.7,0.8201867603714164,0.07507386974379308
0.8,0.01,5,1,1000,0.8,0.8199747329576755,0.07466427698020058
0.8,0.01,5,1,1000,0.9,0.8208666332050228,0.07319297129581069
0.8,0.01,5,1,1500,0.7,0.8059983175100431,0.06817172275295812
0.8,0.01,5,1,1500,0.8,0.8058199951992254,0.06742075821230001
0.8,0.01,5,1,1500,0.9,0.8063889962767661,0.0657890974885775
0.8,0.01,5,3,500,0.7,0.8544205353764467,0.0808529948557659
0.8,0.01,5,3,500,0.8,0.8569106377263915,0.08131289571654576
0.8,0.01,5,3,500,0.9,0.8560799166545369,0.08019159087837985
0.8,0.01,5,3,1000,0.7,0.8192067093646918,0.07387704618954072
0.8,0.01,5,3,1000,0.8,0.8225578612167398,0.0731461601759308
0.8,0.01,5,3,1000,0.9,0.8206140007541023,0.0737419013625419
0.8,0.01,5,3,1500,0.7,0.8041982858151773,0.06553509389829991
0.8,0.01,5,3,1500,0.8,0.8081248078594143,0.06519679148675521
0.8,0.01,5,3,1500,0.9,0.8051809225216549,0.06441195976312192
0.8,0.01,5,5,500,0.7,0.8548842612068812,0.0809136118884169
0.8,0.01,5,5,500,0.8,0.8571840966443723,0.08159557897779555
0.8,0.01,5,5,500,0.9,0.8538970685509655,0.08110328395932469
0.8,0.01,5,5,1000,0.7,0.8192431362472062,0.07388640271891633
0.8,0.01,5,5,1000,0.8,0.8213819161060225,0.07543798176055719
0.8,0.01,5,5,1000,0.9,0.8197957110283429,0.07283016218583223
0.8,0.01,5,5,1500,0.7,0.8043811115434595,0.06675561469648567
0.8,0.01,5,5,1500,0.8,0.8078109060061696,0.0685663308665305
0.8,0.01,5,5,1500,0.9,0.8045499905314891,0.06622375609025705
0.8,0.01,7,1,500,0.7,0.825489210536977,0.07754618796649503
0.8,0.01,7,1,500,0.8,0.8254192999519068,0.07716174620305295
0.8,0.01,7,1,500,0.9,0.8227942015541911,0.07587306559158752
0.8,0.01,7,1,1000,0.7,0.8028704144435928,0.052640761027140034
0.8,0.01,7,1,1000,0.8,0.8037560545016771,0.054776868758617835
0.8,0.01,7,1,1000,0.9,0.8018703102138705,0.04960196890461127
0.8,0.01,7,1,1500,0.7,0.7944783436867763,0.04195662609211186
0.8,0.01,7,1,1500,0.8,0.7961145545211833,0.04325466653240956
0.8,0.01,7,1,1500,0.9,0.7946839940313173,0.040182152858329205
0.8,0.01,7,3,500,0.7,0.8226096646019503,0.07665368996180043
0.8,0.01,7,3,500,0.8,0.8249748610495565,0.07633227162121949
0.8,0.01,7,3,500,0.9,0.8233476678544012,0.07876843984041956
0.8,0.01,7,3,1000,0.7,0.8027071696454678,0.05211736243819201
0.8,0.01,7,3,1000,0.8,0.8036307063107809,0.054220374068668
0.8,0.01,7,3,1000,0.9,0.8028323026338955,0.05490380245342453
0.8,0.01,7,3,1500,0.7,0.7938428911644533,0.04182822812484423
0.8,0.01,7,3,1500,0.8,0.7964845056171723,0.04478238350807662
0.8,0.01,7,3,1500,0.9,0.797579071896977,0.04595174860324538
0.8,0.01,7,5,500,0.7,0.8217845498210528,0.0764738992507992
0.8,0.01,7,5,500,0.8,0.8242639668651999,0.07404102966906846
0.8,0.01,7,5,500,0.9,0.8235239387996748,0.07553283052127575
0.8,0.01,7,5,1000,0.7,0.80112961645404,0.05394969007623537
0.8,0.01,7,5,1000,0.8,0.8011890856665117,0.05010616278111782
0.8,0.01,7,5,1000,0.9,0.8032512550283079,0.0520929865764824
0.8,0.01,7,5,1500,0.7,0.792211632386603,0.04125760776113441
0.8,0.01,7,5,1500,0.8,0.7921729554790462,0.04003203782620466
0.8,0.01,7,5,1500,0.9,0.7970776029714779,0.04371241500472407
0.8,0.01,9,1,500,0.7,0.8053743262724357,0.06574216371093622
0.8,0.01,9,1,500,0.8,0.8028472445982058,0.06527799405348175
0.8,0.01,9,1,500,0.9,0.8053480969564868,0.06627000278893347
0.8,0.01,9,1,1000,0.7,0.7890656843787316,0.04583726485162733
0.8,0.01,9,1,1000,0.8,0.7887402142562809,0.04568379570227348
0.8,0.01,9,1,1000,0.9,0.7906659464827464,0.04481599606702798
0.8,0.01,9,1,1500,0.7,0.7814926195852236,0.04947661889718464
0.8,0.01,9,1,1500,0.8,0.7832702653210074,0.04796603112153785
0.8,0.01,9,1,1500,0.9,0.7823345971624222,0.04804982394816655
0.8,0.01,9,3,500,0.7,0.8043872154083243,0.06643173312958527
0.8,0.01,9,3,500,0.8,0.8023447287501634,0.06455853170920721
0.8,0.01,9,3,500,0.9,0.8048106046988656,0.06600375786627047
0.8,0.01,9,3,1000,0.7,0.7860731619593013,0.04663486082528709
0.8,0.01,9,3,1000,0.8,0.7858825793225196,0.04577639450791167
0.8,0.01,9,3,1000,0.9,0.7857582388165638,0.04608771209566099
0.8,0.01,9,3,1500,0.7,0.7770064382428201,0.05250490030679468
0.8,0.01,9,3,1500,0.8,0.7777826775308908,0.05109276572542659
0.8,0.01,9,3,1500,0.9,0.7787690187139666,0.051060053650366
0.8,0.01,9,5,500,0.7,0.8033403942946448,0.06662807948137703
0.8,0.01,9,5,500,0.8,0.8055854042120275,0.06338722736785972
0.8,0.01,9,5,500,0.9,0.8050656440480047,0.06702824528611506
0.8,0.01,9,5,1000,0.7,0.7876777299512235,0.04575059571647545
0.8,0.01,9,5,1000,0.8,0.7879541401505998,0.044610967622811866
0.8,0.01,9,5,1000,0.9,0.7887627653162402,0.045985061915526565
0.8,0.01,9,5,1500,0.7,0.7798306871788907,0.04968869989091762
0.8,0.01,9,5,1500,0.8,0.7814159843253822,0.04837429435525033
0.8,0.01,9,5,1500,0.9,0.7817939913028005,0.050271963336711536
0.8,0.05,5,1,500,0.7,0.804338124071198,0.053362698133654116
0.8,0.05,5,1,500,0.8,0.8082242944410826,0.05945801545346311
0.8,0.05,5,1,500,0.9,0.800080552908421,0.051692329382406976
0.8,0.05,5,1,1000,0.7,0.7987506894400348,0.042753151761948244
0.8,0.05,5,1,1000,0.8,0.7968865814312612,0.03908107146034453
0.8,0.05,5,1,1000,0.9,0.7980804694857536,0.04452571375971256
0.8,0.05,5,1,1500,0.7,0.7922458892610869,0.043095087762067566
0.8,0.05,5,1,1500,0.8,0.7866999308815886,0.040427283694658964
0.8,0.05,5,1,1500,0.9,0.7884317957078503,0.04438978207621082
0.8,0.05,5,3,500,0.7,0.8023116956760548,0.04923789883242056
0.8,0.05,5,3,500,0.8,0.8024753906759454,0.05285443760881062
0.8,0.05,5,3,500,0.9,0.8035176193051841,0.05245280320338306
0.8,0.05,5,3,1000,0.7,0.7941688965967625,0.040197278892870766
0.8,0.05,5,3,1000,0.8,0.7948253452210796,0.039972604748894004
0.8,0.05,5,3,1000,0.9,0.7997074456175868,0.041500805617206746
0.8,0.05,5,3,1500,0.7,0.7855097060162051,0.04738330140526193
0.8,0.05,5,3,1500,0.8,0.7915487929177714,0.041559869362780257
0.8,0.05,5,3,1500,0.9,0.7947670667984088,0.04315062206533255
0.8,0.05,5,5,500,0.7,0.8065256950637327,0.046600624206640365
0.8,0.05,5,5,500,0.8,0.7958542156377106,0.050633690491227075
0.8,0.05,5,5,500,0.9,0.8028124597861537,0.04684863394981461
0.8,0.05,5,5,1000,0.7,0.7969939001568551,0.03950925892832868
0.8,0.05,5,5,1000,0.8,0.7871212666026194,0.03435965128795035
0.8,0.05,5,5,1000,0.9,0.7960106462477172,0.040942829283549434
0.8,0.05,5,5,1500,0.7,0.7895514744152453,0.04508780474330888
0.8,0.05,5,5,1500,0.8,0.7818927405687095,0.03854644608267314
0.8,0.05,5,5,1500,0.9,0.7920813979734687,0.048177375851728085
0.8,0.05,7,1,500,0.7,0.7881844472901814,0.04541751759842526
0.8,0.05,7,1,500,0.8,0.7955535533807585,0.04905359876314257
0.8,0.05,7,1,500,0.9,0.7952583461627392,0.046554919300384606
0.8,0.05,7,1,1000,0.7,0.7794659176616302,0.05946491710724834
0.8,0.05,7,1,1000,0.8,0.7876683857101924,0.059707060210343534
0.8,0.05,7,1,1000,0.9,0.7899720162791816,0.054194128411333996
0.8,0.05,7,1,1500,0.7,0.7778054864671382,0.06403222091148694
0.8,0.05,7,1,1500,0.8,0.783130192067137,0.06668322947073305
0.8,0.05,7,1,1500,0.9,0.7876274272298601,0.059225174934087625
0.8,0.05,7,3,500,0.7,0.7953840340183802,0.046042849800076814
0.8,0.05,7,3,500,0.8,0.7877267966255698,0.05048461808785615
0.8,0.05,7,3,500,0.9,0.8000101128020821,0.04917761399072679
0.8,0.05,7,3,1000,0.7,0.7836031999265081,0.06209187720796136
0.8,0.05,7,3,1000,0.8,0.7815266006358161,0.06499141038206155
0.8,0.05,7,3,1000,0.9,0.7948908568840047,0.05512703631182178
0.8,0.05,7,3,1500,0.7,0.7807830440278505,0.0689090738831281
0.8,0.05,7,3,1500,0.8,0.7791748019628937,0.07077075789946279
0.8,0.05,7,3,1500,0.9,0.7918821700807914,0.05761524514261055
0.8,0.05,7,5,500,0.7,0.7924541039021561,0.05304058317293577
0.8,0.05,7,5,500,0.8,0.7914179898559603,0.04801221869662124
0.8,0.05,7,5,500,0.9,0.794695613720017,0.0459367817885824
0.8,0.05,7,5,1000,0.7,0.7829121258317482,0.0695446133985773
0.8,0.05,7,5,1000,0.8,0.783713924691056,0.06441515568244956
0.8,0.05,7,5,1000,0.9,0.7839523173400413,0.05746489723748044
0.8,0.05,7,5,1500,0.7,0.7800692007836219,0.07644808184173867
0.8,0.05,7,5,1500,0.8,0.7809295532517267,0.07098646324926726
0.8,0.05,7,5,1500,0.9,0.7806728893391319,0.06416599424761348
0.8,0.05,9,1,500,0.7,0.774877626285268,0.072455667613572
0.8,0.05,9,1,500,0.8,0.7797976505055747,0.0725460906547365
0.8,0.05,9,1,500,0.9,0.7757356191349373,0.06718154898675702
0.8,0.05,9,1,1000,0.7,0.7734571432780868,0.07799401279644204
0.8,0.05,9,1,1000,0.8,0.7767472524349497,0.08137772983330073
0.8,0.05,9,1,1000,0.9,0.7762624519470659,0.0738343622705662
0.8,0.05,9,1,1500,0.7,0.7736290886602608,0.07926699799695475
0.8,0.05,9,1,1500,0.8,0.7769380380821292,0.08329181400176633
0.8,0.05,9,1,1500,0.9,0.7770480935463489,0.07512007753149035
0.8,0.05,9,3,500,0.7,0.7777726182590712,0.060315818661608595
0.8,0.05,9,3,500,0.8,0.7823855418386608,0.06897728690335456
0.8,0.05,9,3,500,0.9,0.7762598238255253,0.06921564124127245
0.8,0.05,9,3,1000,0.7,0.7767002094497173,0.06753135934968649
0.8,0.05,9,3,1000,0.8,0.7790832933962677,0.07646691076477864
0.8,0.05,9,3,1000,0.9,0.7746055806056609,0.07730807580433038
0.8,0.05,9,3,1500,0.7,0.7771209790829081,0.06890253309586335
0.8,0.05,9,3,1500,0.8,0.7791512805220332,0.07806600635534902
0.8,0.05,9,3,1500,0.9,0.7750466848818367,0.07903199355776144
0.8,0.05,9,5,500,0.7,0.7797060933468867,0.06532103666829342
0.8,0.05,9,5,500,0.8,0.7801392132230547,0.06295588004300826
0.8,0.05,9,5,500,0.9,0.7740830554874696,0.07184129861721097
0.8,0.05,9,5,1000,0.7,0.7787844649148881,0.07219922634345637
0.8,0.05,9,5,1000,0.8,0.7765089074199781,0.07278811490772467
0.8,0.05,9,5,1000,0.9,0.7733572497857768,0.07811303293947343
0.8,0.05,9,5,1500,0.7,0.7791274062318811,0.0732834957862851
0.8,0.05,9,5,1500,0.8,0.7770852512164511,0.07446421131362789
0.8,0.05,9,5,1500,0.9,0.774213033047132,0.07916860668912243
0.8,0.1,5,1,500,0.7,0.7854707104617544,0.03485096340674286
0.8,0.1,5,1,500,0.8,0.7963098866072985,0.04114189157473757
0.8,0.1,5,1,500,0.9,0.786246687919137,0.04063799621924012
0.8,0.1,5,1,1000,0.7,0.772130007609055,0.050091822012399714
0.8,0.1,5,1,1000,0.8,0.7860574155772128,0.05510393186970565
0.8,0.1,5,1,1000,0.9,0.7784657457742006,0.04033415622391416
0.8,0.1,5,1,1500,0.7,0.7707011777810363,0.05706324505945946
0.8,0.1,5,1,1500,0.8,0.7847941350152062,0.062210803019271246
0.8,0.1,5,1,1500,0.9,0.77242047095889,0.049893580661342356
0.8,0.1,5,3,500,0.7,0.7848101076500626,0.0314114557559295
0.8,0.1,5,3,500,0.8,0.7903198146660527,0.038656063774196434
0.8,0.1,5,3,500,0.9,0.7872799019618051,0.03920672415772728
0.8,0.1,5,3,1000,0.7,0.7745308952230083,0.04879276880353441
0.8,0.1,5,3,1000,0.8,0.7894174317838722,0.050581920788726975
0.8,0.1,5,3,1000,0.9,0.7752503910292177,0.04272551712290399
0.8,0.1,5,3,1500,0.7,0.773754703228075,0.0567055016865193
0.8,0.1,5,3,1500,0.8,0.7866634051287775,0.05882261099815119
0.8,0.1,5,3,1500,0.9,0.771228495785468,0.0539037506321381
0.8,0.1,5,5,500,0.7,0.7991906965365078,0.03722583542741328
0.8,0.1,5,5,500,0.8,0.7962693953577084,0.03939317000662196
0.8,0.1,5,5,500,0.9,0.791029260407466,0.04181141687372929
0.8,0.1,5,5,1000,0.7,0.7824500551406605,0.05690297799330577
0.8,0.1,5,5,1000,0.8,0.7845155502115265,0.05487874629290912
0.8,0.1,5,5,1000,0.9,0.7865967057339115,0.04001439466908605
0.8,0.1,5,5,1500,0.7,0.7805761370155412,0.06621289965721738
0.8,0.1,5,5,1500,0.8,0.7838421319838035,0.062293444949130555
0.8,0.1,5,5,1500,0.9,0.7829308788219618,0.04643305473487093
0.8,0.1,7,1,500,0.7,0.773830193897482,0.05892502720450675
0.8,0.1,7,1,500,0.8,0.7872874602469749,0.0553090405943704
0.8,0.1,7,1,500,0.9,0.7915313331544466,0.05063583592223259
0.8,0.1,7,1,1000,0.7,0.7739916700521708,0.06445310878971995
0.8,0.1,7,1,1000,0.8,0.781754941469682,0.0635971213642539
0.8,0.1,7,1,1000,0.9,0.7882972484592161,0.059337251093577584
0.8,0.1,7,1,1500,0.7,0.7751425787450925,0.06586464027855676
0.8,0.1,7,1,1500,0.8,0.782616787488514,0.06541506539763059
0.8,0.1,7,1,1500,0.9,0.788281488487007,0.061676777935038264
0.8,0.1,7,3,500,0.7,0.7862457222162191,0.0484960066213763
0.8,0.1,7,3,500,0.8,0.7872349741134055,0.07092644364148631
0.8,0.1,7,3,500,0.9,0.7782953454420806,0.060820116189865284
0.8,0.1,7,3,1000,0.7,0.7862623552548719,0.0508985449756166
0.8,0.1,7,3,1000,0.8,0.7838562721687827,0.07675524744711675
0.8,0.1,7,3,1000,0.9,0.7775800117678001,0.06860310036883971
0.8,0.1,7,3,1500,0.7,0.7874614285233893,0.05241866083142975
0.8,0.1,7,3,1500,0.8,0.784682552758308,0.07846384400672128
0.8,0.1,7,3,1500,0.9,0.7787238518467138,0.06950199738664319
0.8,0.1,7,5,500,0.7,0.7853800053891506,0.05228558318337884
0.8,0.1,7,5,500,0.8,0.783376972979276,0.06018863158889975
0.8,0.1,7,5,500,0.9,0.7863372708589548,0.058169574717770574
0.8,0.1,7,5,1000,0.7,0.7834503004570692,0.058710525687911456
0.8,0.1,7,5,1000,0.8,0.781540695041118,0.06381607732556616
0.8,0.1,7,5,1000,0.9,0.7853610631558383,0.06577479471862138
0.8,0.1,7,5,1500,0.7,0.7841280741886196,0.06117913591553337
0.8,0.1,7,5,1500,0.8,0.782968745812471,0.06526357283391102
0.8,0.1,7,5,1500,0.9,0.7863589479766183,0.06747024713581226
0.8,0.1,9,1,500,0.7,0.7860367060163564,0.07568558395385916
0.8,0.1,9,1,500,0.8,0.7910578346326526,0.07912173678478211
0.8,0.1,9,1,500,0.9,0.7871585775528366,0.0770461128385345
0.8,0.1,9,1,1000,0.7,0.7881917794523587,0.07740718943425534
0.8,0.1,9,1,1000,0.8,0.7924093267969791,0.08222914714888543
0.8,0.1,9,1,1000,0.9,0.7892894352751403,0.07844408838107791
0.8,0.1,9,1,1500,0.7,0.7899055858156935,0.07829259452357855
0.8,0.1,9,1,1500,0.8,0.7935420117013552,0.0831265688590954
0.8,0.1,9,1,1500,0.9,0.7911772015054167,0.07918287752509413
0.8,0.1,9,3,500,0.7,0.7889155240423773,0.07489486319980355
0.8,0.1,9,3,500,0.8,0.7846121926620101,0.08902165811165695
0.8,0.1,9,3,500,0.9,0.7830530658760126,0.07997860790483012
0.8,0.1,9,3,1000,0.7,0.7913913206206666,0.07812183609546303
0.8,0.1,9,3,1000,0.8,0.7860551292142366,0.0933380554946724
0.8,0.1,9,3,1000,0.9,0.7846946692760636,0.08253781659787451
0.8,0.1,9,3,1500,0.7,0.7923750879106561,0.07764734530477105
0.8,0.1,9,3,1500,0.8,0.7875062017435785,0.09416241814608353
0.8,0.1,9,3,1500,0.9,0.7866323393845814,0.08257462734535038
0.8,0.1,9,5,500,0.7,0.7811674371097259,0.07904794033151077
0.8,0.1,9,5,500,0.8,0.7844525248916498,0.08350267292140083
0.8,0.1,9,5,500,0.9,0.7913574288127478,0.06718750747804493
0.8,0.1,9,5,1000,0.7,0.7846864857524701,0.08131989632534928
0.8,0.1,9,5,1000,0.8,0.7864709462272594,0.08545165254975455
0.8,0.1,9,5,1000,0.9,0.7922392765413966,0.07038981918361321
0.8,0.1,9,5,1500,0.7,0.7871531429545436,0.08226707065009826
0.8,0.1,9,5,1500,0.8,0.7893976255002139,0.0868645133498588
0.8,0.1,9,5,1500,0.9,0.793616385794937,0.07118810397222596
0.9,0.01,5,1,500,0.7,0.8639021069949318,0.07823318112143073
0.9,0.01,5,1,500,0.8,0.8649986241466655,0.08172287736663984
0.9,0.01,5,1,500,0.9,0.8610816044515948,0.07906746763041894
0.9,0.01,5,1,1000,0.7,0.826189666746493,0.07321537510748509
0.9,0.01,5,1,1000,0.8,0.8283360267242539,0.07514719836948665
0.9,0.01,5,1,1000,0.9,0.8262057805071189,0.0734134100790285
0.9,0.01,5,1,1500,0.7,0.8115219975644363,0.0655832708999761
0.9,0.01,5,1,1500,0.8,0.8135483779065028,0.06918789669382155
0.9,0.01,5,1,1500,0.9,0.8095111808687074,0.06633990305703244
0.9,0.01,5,3,500,0.7,0.8633414043162713,0.07984968184057034
0.9,0.01,5,3,500,0.8,0.8647522378012054,0.08100989676484
0.9,0.01,5,3,500,0.9,0.8623232509306058,0.0794659963105513
0.9,0.01,5,3,1000,0.7,0.826667566658678,0.07416018634715343
0.9,0.01,5,3,1000,0.8,0.8278259037364564,0.07494575461995975
0.9,0.01,5,3,1000,0.9,0.8264351281541205,0.07262476667406605
0.9,0.01,5,3,1500,0.7,0.811458660859023,0.06899631987233015
0.9,0.01,5,3,1500,0.8,0.8136510279996712,0.06905427630130932
0.9,0.01,5,3,1500,0.9,0.8089843255080986,0.06501824918900588
0.9,0.01,5,5,500,0.7,0.8647745074225476,0.07820947782090439
0.9,0.01,5,5,500,0.8,0.8653997724171104,0.08039542717890984
0.9,0.01,5,5,500,0.9,0.8629473284894834,0.07887483010958675
0.9,0.01,5,5,1000,0.7,0.8270898380662486,0.0740929280385425
0.9,0.01,5,5,1000,0.8,0.8282444990782803,0.07374280035816277
0.9,0.01,5,5,1000,0.9,0.8276170106318264,0.07214747473367945
0.9,0.01,5,5,1500,0.7,0.8119990748152581,0.06812654815017843
0.9,0.01,5,5,1500,0.8,0.8122981677246367,0.06713128477926356
0.9,0.01,5,5,1500,0.9,0.8108992311346459,0.06466935682106299
0.9,0.01,7,1,500,0.7,0.8350262057034993,0.07851144937773209
0.9,0.01,7,1,500,0.8,0.8351697254566401,0.0787403878812198
0.9,0.01,7,1,500,0.9,0.8365941188857144,0.077602319080849
0.9,0.01,7,1,1000,0.7,0.8100252275589634,0.05469138239336209
0.9,0.01,7,1,1000,0.8,0.8084654035128945,0.054175747136910764
0.9,0.01,7,1,1000,0.9,0.8129404510260319,0.05496277586235155
0.9,0.01,7,1,1500,0.7,0.801120921215053,0.04586782998416828
0.9,0.01,7,1,1500,0.8,0.8001409671226343,0.047130063644256676
0.9,0.01,7,1,1500,0.9,0.8052565618015564,0.04778293958149873
0.9,0.01,7,3,500,0.7,0.8349724923280624,0.07735060511775566
0.9,0.01,7,3,500,0.8,0.8353347336852923,0.0786051436676467
0.9,0.01,7,3,500,0.9,0.835427322904701,0.07996210582908704
0.9,0.01,7,3,1000,0.7,0.8102558810575908,0.055336418200422906
0.9,0.01,7,3,1000,0.8,0.8098281916112201,0.0552811212723238
0.9,0.01,7,3,1000,0.9,0.8147929944644016,0.0565249116109085
0.9,0.01,7,3,1500,0.7,0.8021455127037834,0.046767464468738654
0.9,0.01,7,3,1500,0.8,0.8010534013556999,0.04823512414062396
0.9,0.01,7,3,1500,0.9,0.8077057464894487,0.04880499080355599
0.9,0.01,7,5,500,0.7,0.837042032855107,0.07819551547035085
0.9,0.01,7,5,500,0.8,0.8356745833966635,0.07949657350378322
0.9,0.01,7,5,500,0.9,0.836365540342719,0.07835703279718649
0.9,0.01,7,5,1000,0.7,0.8142279184271091,0.05707683143412738
0.9,0.01,7,5,1000,0.8,0.8102728125779655,0.05576874871471533
0.9,0.01,7,5,1000,0.9,0.8106961041390026,0.053977219578948354
0.9,0.01,7,5,1500,0.7,0.8042657038150114,0.04732060815475013
0.9,0.01,7,5,1500,0.8,0.7991181804673395,0.047499151469297576
0.9,0.01,7,5,1500,0.9,0.8051732171688517,0.0475946363381089
0.9,0.01,9,1,500,0.7,0.8155972406784808,0.06666387615762638
0.9,0.01,9,1,500,0.8,0.8174085793981443,0.0672011876562007
0.9,0.01,9,1,500,0.9,0.8173105713168523,0.06906409667035598
0.9,0.01,9,1,1000,0.7,0.7953298762137553,0.05552316200916615
0.9,0.01,9,1,1000,0.8,0.7990067278714259,0.05471748569296478
0.9,0.01,9,1,1000,0.9,0.7961933397588895,0.055971333857788824
0.9,0.01,9,1,1500,0.7,0.7873303236206319,0.060146168362318966
0.9,0.01,9,1,1500,0.8,0.7894201170305856,0.05901437453751672
0.9,0.01,9,1,1500,0.9,0.7897199857204807,0.06017198542730829
0.9,0.01,9,3,500,0.7,0.8130866173649685,0.06561889197642001
0.9,0.01,9,3,500,0.8,0.8177320747043554,0.06649675345820505
0.9,0.01,9,3,500,0.9,0.8157127204534647,0.06824263448344088
0.9,0.01,9,3,1000,0.7,0.7940945404070868,0.05556679972256609
0.9,0.01,9,3,1000,0.8,0.7967358240251298,0.055539119737595406
0.9,0.01,9,3,1000,0.9,0.7964359328105607,0.05723915476774418
0.9,0.01,9,3,1500,0.7,0.7864071365825251,0.06068707641539471
0.9,0.01,9,3,1500,0.8,0.7881529925716203,0.06032253010142592
0.9,0.01,9,3,1500,0.9,0.7886654741498431,0.062127718510457494
0.9,0.01,9,5,500,0.7,0.8134698656452729,0.06646764043409335
0.9,0.01,9,5,500,0.8,0.8143026212457528,0.067210522452045
0.9,0.01,9,5,500,0.9,0.8186920314410051,0.06797659497129711
0.9,0.01,9,5,1000,0.7,0.7919136901887858,0.055575144953666326
0.9,0.01,9,5,1000,0.8,0.7939273643994652,0.055638709400399486
0.9,0.01,9,5,1000,0.9,0.7988925800349025,0.056364610684282265
0.9,0.01,9,5,1500,0.7,0.7837720189633316,0.06078896257464524
0.9,0.01,9,5,1500,0.8,0.7860971406711427,0.06073938186838958
0.9,0.01,9,5,1500,0.9,0.7884227346795181,0.062153487423300964
0.9,0.05,5,1,500,0.7,0.8085481631720391,0.050942265337678545
0.9,0.05,5,1,500,0.8,0.812035159195354,0.053606915475606545
0.9,0.05,5,1,500,0.9,0.8096699819944477,0.05657851393043154
0.9,0.05,5,1,1000,0.7,0.7915848748737664,0.03528092306846865
0.9,0.05,5,1,1000,0.8,0.8046922749537412,0.04309567793310737
0.9,0.05,5,1,1000,0.9,0.8002085279919455,0.039429013544455604
0.9,0.05,5,1,1500,0.7,0.786305703921324,0.04696197861786579
0.9,0.05,5,1,1500,0.8,0.7978079512022245,0.04734207434095632
0.9,0.05,5,1,1500,0.9,0.789278477414207,0.04090185074354188
0.9,0.05,5,3,500,0.7,0.8028249271897259,0.05397134070736107
0.9,0.05,5,3,500,0.8,0.8114967209439643,0.05444361918605108
0.9,0.05,5,3,500,0.9,0.8065108425739844,0.04409215365959098
0.9,0.05,5,3,1000,0.7,0.7896629611949233,0.0375713532291725
0.9,0.05,5,3,1000,0.8,0.8011669654410853,0.040339405902419655
0.9,0.05,5,3,1000,0.9,0.8009941276409304,0.035569724575731675
0.9,0.05,5,3,1500,0.7,0.7817759204620065,0.0437323145294646
0.9,0.05,5,3,1500,0.8,0.7926367944303246,0.04563317148335316
0.9,0.05,5,3,1500,0.9,0.7901533036501213,0.039795432944842946
0.9,0.05,5,5,500,0.7,0.80710879189473,0.0560324865621417
0.9,0.05,5,5,500,0.8,0.8059653320565301,0.047633583071785314
0.9,0.05,5,5,500,0.9,0.8116965182688342,0.052238471646489135
0.9,0.05,5,5,1000,0.7,0.7970264868124062,0.041027654302151696
0.9,0.05,5,5,1000,0.8,0.7950345297536865,0.03739112476409478
0.9,0.05,5,5,1000,0.9,0.8011004386780229,0.041133527044855664
0.9,0.05,5,5,1500,0.7,0.7861878440729444,0.04661302433138269
0.9,0.05,5,5,1500,0.8,0.7907147443136685,0.04296863333989917
0.9,0.05,5,5,1500,0.9,0.7917326600783322,0.041851632931337965
0.9,0.05,7,1,500,0.7,0.797926811590709,0.04955520631943656
0.9,0.05,7,1,500,0.8,0.7930731898322707,0.05073665146670884
0.9,0.05,7,1,500,0.9,0.7995428906485212,0.05264227980640172
0.9,0.05,7,1,1000,0.7,0.7876691396898605,0.0637881911052674
0.9,0.05,7,1,1000,0.8,0.7871163531656362,0.06327269778247675
0.9,0.05,7,1,1000,0.9,0.7937744834865363,0.0619669690169507
0.9,0.05,7,1,1500,0.7,0.7857256732132365,0.06945314672252077
0.9,0.05,7,1,1500,0.8,0.7866568322577222,0.06862554097707221
0.9,0.05,7,1,1500,0.9,0.7933249196620091,0.06703231806201347
0.9,0.05,7,3,500,0.7,0.7940515418392238,0.05267993822699581
0.9,0.05,7,3,500,0.8,0.7968084026544615,0.049813294607532
0.9,0.05,7,3,500,0.9,0.8031295953595865,0.051468917634630955
0.9,0.05,7,3,1000,0.7,0.7860804815190681,0.06825280327165263
0.9,0.05,7,3,1000,0.8,0.7874387682512225,0.06356395420324538
0.9,0.05,7,3,1000,0.9,0.7939554506619826,0.06064025910862842
0.9,0.05,7,3,1500,0.7,0.7842441333910634,0.07398876969406461
0.9,0.05,7,3,1500,0.8,0.7851306035010012,0.07102196635008612
0.9,0.05,7,3,1500,0.9,0.7916204529016362,0.06645509121487116
0.9,0.05,7,5,500,0.7,0.7923991839649582,0.04907283155698788
0.9,0.05,7,5,500,0.8,0.8019173317324801,0.04909451644020163
0.9,0.05,7,5,500,0.9,0.7972326164486514,0.055725106135428706
0.9,0.05,7,5,1000,0.7,0.7843873647072743,0.06455242596406183
0.9,0.05,7,5,1000,0.8,0.7913985363738238,0.0630006686561267
0.9,0.05,7,5,1000,0.9,0.7910376170262954,0.06465023301148082
0.9,0.05,7,5,1500,0.7,0.781963781489271,0.07168753619393842
0.9,0.05,7,5,1500,0.8,0.7915051275344667,0.06712214536468915
0.9,0.05,7,5,1500,0.9,0.7891614774157163,0.06981553443031019
0.9,0.05,9,1,500,0.7,0.7839346674406268,0.06858651269236328
0.9,0.05,9,1,500,0.8,0.7821725891347073,0.07087540162123578
0.9,0.05,9,1,500,0.9,0.7867811591259442,0.07104948267289554
0.9,0.05,9,1,1000,0.7,0.781517609166484,0.07593105461911012
0.9,0.05,9,1,1000,0.8,0.7805955672180243,0.07818854078416872
0.9,0.05,9,1,1000,0.9,0.7859767480240333,0.07668154202452789
0.9,0.05,9,1,1500,0.7,0.7821480319791981,0.07694300739632756
0.9,0.05,9,1,1500,0.8,0.7814939933957679,0.07929402020178834
0.9,0.05,9,1,1500,0.9,0.7870643342848973,0.0777864414203764
0.9,0.05,9,3,500,0.7,0.7799852134578327,0.07324982105245931
0.9,0.05,9,3,500,0.8,0.7760865004347121,0.0817240271343881
0.9,0.05,9,3,500,0.9,0.7918243581023466,0.07168787405463689
0.9,0.05,9,3,1000,0.7,0.7781930665565788,0.08105801426435225
0.9,0.05,9,3,1000,0.8,0.7747267194618995,0.08801926207013869
0.9,0.05,9,3,1000,0.9,0.7901248507120772,0.0781835011296831
0.9,0.05,9,3,1500,0.7,0.7793873278276436,0.08147823642810129
0.9,0.05,9,3,1500,0.8,0.7753748314217523,0.08905256929315379
0.9,0.05,9,3,1500,0.9,0.7911090334320405,0.07911440706136699
0.9,0.05,9,5,500,0.7,0.7864071339793759,0.06705908963153676
0.9,0.05,9,5,500,0.8,0.7817453048230225,0.07373543112590929
0.9,0.05,9,5,500,0.9,0.7902809746683633,0.07092721096083338
0.9,0.05,9,5,1000,0.7,0.7845623875970886,0.07195186011561051
0.9,0.05,9,5,1000,0.8,0.7816987642266667,0.07884577450569104
0.9,0.05,9,5,1000,0.9,0.7891326161173338,0.07642660985371452
0.9,0.05,9,5,1500,0.7,0.7853404750677659,0.07349386025856988
0.9,0.05,9,5,1500,0.8,0.782995884319637,0.08041511125711696
0.9,0.05,9,5,1500,0.9,0.7890369303726401,0.07683540578307556
0.9,0.1,5,1,500,0.7,0.7997169274830217,0.04085179681456086
0.9,0.1,5,1,500,0.8,0.7917792358140616,0.038103737130866816
0.9,0.1,5,1,500,0.9,0.7977866074856019,0.03434435419899935
0.9,0.1,5,1,1000,0.7,0.7841460748135068,0.05731825285209419
0.9,0.1,5,1,1000,0.8,0.7873820991478264,0.04715255366996389
0.9,0.1,5,1,1000,0.9,0.7866063423261167,0.05301641636875284
0.9,0.1,5,1,1500,0.7,0.7840763002484531,0.06570651858710888
0.9,0.1,5,1,1500,0.8,0.7862533967859282,0.056516732887517816
0.9,0.1,5,1,1500,0.9,0.7822142862450339,0.06438279269950209
0.9,0.1,5,3,500,0.7,0.7990789311211761,0.04555625835477552
0.9,0.1,5,3,500,0.8,0.7953918369575229,0.039697979882959505
0.9,0.1,5,3,500,0.9,0.7989333268876196,0.03737640006262709
0.9,0.1,5,3,1000,0.7,0.7848597936543795,0.05628569758728273
0.9,0.1,5,3,1000,0.8,0.7865858179781069,0.05001429675207419
0.9,0.1,5,3,1000,0.9,0.791052623433241,0.049328879662360846
0.9,0.1,5,3,1500,0.7,0.7824437359228045,0.06428853599389932
0.9,0.1,5,3,1500,0.8,0.7842921412787991,0.0584571018132768
0.9,0.1,5,3,1500,0.9,0.7871447097109626,0.05766035850951375
0.9,0.1,5,5,500,0.7,0.8005559473070601,0.0421375442604072
0.9,0.1,5,5,500,0.8,0.7979081397264711,0.040285845718629025
0.9,0.1,5,5,500,0.9,0.8075960661608932,0.04332106335344655
0.9,0.1,5,5,1000,0.7,0.7872353817224271,0.054122550743084856
0.9,0.1,5,5,1000,0.8,0.7889796178817573,0.054603274360105966
0.9,0.1,5,5,1000,0.9,0.7952514385646042,0.04349360687362516
0.9,0.1,5,5,1500,0.7,0.7839764775739717,0.06071898009375481
0.9,0.1,5,5,1500,0.8,0.7847594857926313,0.06534744143277964
0.9,0.1,5,5,1500,0.9,0.7950855664438665,0.049318580358884055
0.9,0.1,7,1,500,0.7,0.7886259633473764,0.05230606103263846
0.9,0.1,7,1,500,0.8,0.7884537375827156,0.06348262698854336
0.9,0.1,7,1,500,0.9,0.7895063603368631,0.06560306019759085
0.9,0.1,7,1,1000,0.7,0.7887296053139835,0.054430114192985775
0.9,0.1,7,1,1000,0.8,0.7859822247753495,0.07069737966345553
0.9,0.1,7,1,1000,0.9,0.7874305911718429,0.0752715125254074
0.9,0.1,7,1,1500,0.7,0.7904862141046002,0.05642237734666967
0.9,0.1,7,1,1500,0.8,0.7867300768785249,0.07266881404591781
0.9,0.1,7,1,1500,0.9,0.7877160092526484,0.07937339590605698
0.9,0.1,7,3,500,0.7,0.7842049728927264,0.06205182600873001
0.9,0.1,7,3,500,0.8,0.7989551458443268,0.05069744560959421
0.9,0.1,7,3,500,0.9,0.7976315864498342,0.0604514527999538
0.9,0.1,7,3,1000,0.7,0.7839079881575595,0.06649481039050062
0.9,0.1,7,3,1000,0.8,0.7959384407955323,0.054897498640093204
0.9,0.1,7,3,1000,0.9,0.7955220413315771,0.06838778256826603
0.9,0.1,7,3,1500,0.7,0.7850490708676447,0.06754537097881326
0.9,0.1,7,3,1500,0.8,0.796966228992855,0.05604325833036249
0.9,0.1,7,3,1500,0.9,0.7963563855601229,0.07007367964300236
0.9,0.1,7,5,500,0.7,0.7775837738186222,0.06669048619926755
0.9,0.1,7,5,500,0.8,0.7837373237585793,0.0631921473185016
0.9,0.1,7,5,500,0.9,0.7850042840509398,0.07293427188267394
0.9,0.1,7,5,1000,0.7,0.7752015887120075,0.07486033213580884
0.9,0.1,7,5,1000,0.8,0.7804187552397537,0.07103934337707313
0.9,0.1,7,5,1000,0.9,0.783385945615029,0.07949901599168202
0.9,0.1,7,5,1500,0.7,0.776384297721338,0.07734031540827087
0.9,0.1,7,5,1500,0.8,0.7827239323277025,0.07243577074192628
0.9,0.1,7,5,1500,0.9,0.7858974765064086,0.08061091258242309
0.9,0.1,9,1,500,0.7,0.7898502526868117,0.07415136569278766
0.9,0.1,9,1,500,0.8,0.7918965303311765,0.07606241046704301
0.9,0.1,9,1,500,0.9,0.7883428929502118,0.0836963486438771
0.9,0.1,9,1,1000,0.7,0.7908852787600689,0.07618499020225926
0.9,0.1,9,1,1000,0.8,0.7931048118237193,0.0775351517628096
0.9,0.1,9,1,1000,0.9,0.7900040583981418,0.08412222517224566
0.9,0.1,9,1,1500,0.7,0.7928984724545692,0.07531471611550987
0.9,0.1,9,1,1500,0.8,0.7950074965822355,0.07723510480840408
0.9,0.1,9,1,1500,0.9,0.791719932044179,0.08428510931318905
0.9,0.1,9,3,500,0.7,0.7884776105697919,0.07609862372579092
0.9,0.1,9,3,500,0.8,0.7874300566243766,0.08215230385999946
0.9,0.1,9,3,500,0.9,0.7935188385703025,0.07698139651856103
0.9,0.1,9,3,1000,0.7,0.7917357974542589,0.07720918782606297
0.9,0.1,9,3,1000,0.8,0.789263603070422,0.08377091790235296
0.9,0.1,9,3,1000,0.9,0.7944700000746876,0.07837600756060857
0.9,0.1,9,3,1500,0.7,0.7942478721107735,0.07796691023615225
0.9,0.1,9,3,1500,0.8,0.7913469436130025,0.08375167139146109
0.9,0.1,9,3,1500,0.9,0.7964871179424813,0.07885867607134851
0.9,0.1,9,5,500,0.7,0.7835300074978185,0.08117551911654526
0.9,0.1,9,5,500,0.8,0.7831835653225351,0.08523757244344671
0.9,0.1,9,5,500,0.9,0.7895416599702854,0.07679851117032808
0.9,0.1,9,5,1000,0.7,0.7870919336719546,0.08363517094194955
0.9,0.1,9,5,1000,0.8,0.7861827573036766,0.08682217450618647
0.9,0.1,9,5,1000,0.9,0.792106402594068,0.07890535408030189
0.9,0.1,9,5,1500,0.7,0.788551196148212,0.08464675533842958
0.9,0.1,9,5,1500,0.8,0.7882769255613501,0.08658868954093833
0.9,0.1,9,5,1500,0.9,0.7940079566388275,0.0786831847968515
